,mean_fit_time,std_fit_time,mean_score_time,std_score_time,param_n_estimators,params,split0_test_score,split1_test_score,split2_test_score,split3_test_score,split4_test_score,split5_test_score,split6_test_score,split7_test_score,split8_test_score,split9_test_score,mean_test_score,std_test_score,rank_test_score
0,2.3276322364807127,0.036573908092919695,0.021904969215393068,0.007690544340917484,100,{'n_estimators': 100},0.9186677631578947,0.9256304824561403,0.9300255847953216,0.9289930555555556,0.924607090643275,0.931779970760234,0.9361750730994151,0.9248172514619882,0.923720760233918,0.9175895467836258,0.9262006578947368,0.005430186380628575,5
1,4.42238483428955,0.041578473934213836,0.04099602699279785,0.008027707194038393,200,{'n_estimators': 200},0.924780701754386,0.9352796052631578,0.9300438596491228,0.9368786549707601,0.9237481725146198,0.9386878654970761,0.9274488304093568,0.9204130116959064,0.9289565058479533,0.9298611111111111,0.9296098318713449,0.005612505207970299,4
2,6.67736325263977,0.09729363071797106,0.06669509410858154,0.008696358697786623,300,{'n_estimators': 300},0.9317982456140351,0.9299798976608188,0.9317708333333333,0.936001461988304,0.9316337719298246,0.9334429824561403,0.9388157894736842,0.93265716374269,0.9307383040935672,0.9377558479532163,0.9334594298245614,0.002875955727980511,3
3,8.937593984603883,0.07259752339988523,0.08741683959960937,0.006762495578346456,400,{'n_estimators': 400},0.9379020467836257,0.9326388888888889,0.9326480263157895,0.9474049707602338,0.9298885233918127,0.939592470760234,0.933561769005848,0.9282894736842104,0.9351151315789473,0.9263614766081871,0.9343402777777777,0.005813901110101221,2
4,11.038864398002625,0.37234500554941813,0.10162861347198486,0.011416802603771273,500,{'n_estimators': 500},0.9352887426900586,0.9309027777777779,0.937874634502924,0.942141812865497,0.9351425438596491,0.939592470760234,0.9361750730994153,0.927421418128655,0.9351059941520469,0.9281067251461989,0.9347752192982457,0.004506546710588867,1
